event,patch_index,case,filename,IoU_flood,IoU_background,mIoU,F1,FP,FN,TP,TN,FP_rate,FN_rate
Bangladesh,187,Correct_Best_IoU,Bangladesh_patch_0187_Correct_Best_IoU.png,0.9948577880859375,0.0,0.49742889404296875,0.9974222664167973,0,674,130398,0,0.0,0.0051422119140625
Bangladesh,2,False_Positive,Bangladesh_patch_0002_False_Positive.png,0.30348653350890276,0.3567434250689849,0.33011497928894384,0.4656535003732433,130721,989,57389,73045,0.6415250826928929,0.01694131350851348
Bangladesh,176,False_Negative,Bangladesh_patch_0176_False_Negative.png,0.0,0.9766197204589844,0.4883098602294922,0.0,0,6129,0,256015,0.0,1.0
Cambodia,254,Correct_Best_IoU,Cambodia_patch_0254_Correct_Best_IoU.png,0.999969482421875,0.0,0.4999847412109375,0.9999847409781033,0,4,131068,0,0.0,3.0517578125e-05
Cambodia,62,False_Positive,Cambodia_patch_0062_False_Positive.png,0.9938201345973157,0.16769547325102882,0.5807578039241722,0.9969004900214169,344,465,130100,163,0.6785009861932939,0.003561444491249569
Cambodia,141,False_Negative,Cambodia_patch_0141_False_Negative.png,0.0013204778872353805,0.27226490308982326,0.13679269048852932,0.0026374730496305445,0,95294,126,35652,0.0,0.9986795221127647
Nepal,10,Correct_Best_IoU,Nepal_patch_0010_Correct_Best_IoU.png,1.0,0.0,0.5,1.0,0,0,131072,0,0.0,0.0
Nepal,3,False_Positive,Nepal_patch_0003_False_Positive.png,0.9900235771675352,0.009844755774327906,0.49993416647093153,0.994986781590465,2609,6,259503,26,0.9901328273244782,2.3120585413222664e-05
Nepal,29,False_Negative,Nepal_patch_0029_False_Negative.png,0.06177294447190641,0.5527830792551228,0.3072780118635146,0.11635810611586152,392,56549,3749,70382,0.005538757170712409,0.9378254668479883
