epoch,train_loss,val_loss,val_mIoU,val_F1,val_precision,val_recall,val_accuracy,val_specificity,lr,epoch_time_sec,train_time_sec
1,0.9316822091618983,0.79952598121344,0.6089494644311639,0.6942108794463945,0.7139473972255308,0.675536208945302,0.7686495372910164,0.8278667841207724,0.0005934442802201416,546.8943217279999,447.00943810000007
2,0.8532558346095567,0.8780696984184416,0.5763642251545992,0.6648985056952337,0.6736743387138703,0.6563483748548982,0.7428144597682823,0.7978042618050837,0.0005740636372927802,478.766361512,388.61833706899984
3,0.7994224233911015,0.7672287185202565,0.6102247670660181,0.6908500836840672,0.7278460695629664,0.6574331451690345,0.7712674139222918,0.8436625490786508,0.0005427050983124842,478.765109208,388.18203416200004
4,0.7597072580471061,0.8236424150435548,0.6004606527302142,0.6644077792207379,0.7709091040016675,0.583761018753184,0.770753141376565,0.889674448103954,0.0005007391819076574,478.2169516959998,388.39018631800013
5,0.7628858582689785,0.7546413399344474,0.616711627463018,0.707954951541231,0.7059498498604752,0.709971475802411,0.7722930689674101,0.8119277080770028,0.00045,478.8387174149998,388.33486248400004
6,0.7505902578839316,0.8376593595011192,0.5934633182524003,0.6568408495530801,0.76243325150106,0.5769383688760694,0.7656548456013779,0.8856727891292109,0.0003927050983124842,477.96951337400014,388.3420675709999
7,0.7120937533461704,0.7337490036560778,0.6283350487352005,0.7056275744021886,0.7568433769102979,0.6609040152677332,0.7856363719225868,0.8649623597582221,0.000331358538980296,478.78340582799956,388.026533408
8,0.7016537531565589,0.7166464678420309,0.6424562221340495,0.728458466003983,0.7405151167637112,0.716788124786587,0.7922632181213357,0.8402630835638902,0.000268641461019704,514.419402626,426.90894217899995
9,0.674456631585669,0.7062779795705226,0.6463628551069134,0.7301102384904289,0.7506439056396302,0.7106700457924345,0.7957523317265331,0.8498620796703815,0.0002072949016875158,458.5060869089999,372.1805483769999
10,0.6627458500890777,0.6950026697626239,0.6463754896473735,0.7218753910178215,0.7808204904303075,0.6712052787845513,0.7989409296819057,0.8801769213764968,0.00015000000000000004,458.070357693,372.07640151199985
11,0.6490308326275016,0.71075752103015,0.6402302608091184,0.7100108491605926,0.7988776833308815,0.6389358775358006,0.7971078863802923,0.8977004766754896,9.926081809234262e-05,458.15334329000007,371.626262518
12,0.6435296198424811,0.7151548912127813,0.6377381340200737,0.7049749784168887,0.8076124880158645,0.625483765778712,0.7964869252337037,0.9052397373393667,5.7294901687515795e-05,457.636836916,372.1058309929999
13,0.6303708531643049,0.7125349550328234,0.6416269895243933,0.7097339312860184,0.8080999698893985,0.6327164649619456,0.7988125138328872,0.9044445527491557,2.5936362707219704e-05,458.20031735400016,372.014370633
14,0.6227348725705479,0.7132004773930499,0.6415352691846095,0.7085232879616695,0.8133130555434429,0.6276543604279927,0.7992472937147207,0.908375184052342,6.555719779858293e-06,459.77063107799995,371.8894123979999
