event,chip_id,image_path,label_path,flood_percentage
Bangladesh,BGD_40_119,FloodPlanet/Bangladesh/PS/BGD_40_119.tif,FloodPlanet/Bangladesh/labels/BGD_40_119.tif,14.8644
Bangladesh,BGD_43_99,FloodPlanet/Bangladesh/PS/BGD_43_99.tif,FloodPlanet/Bangladesh/labels/BGD_43_99.tif,10.7556
Bangladesh,BGD_45_90,FloodPlanet/Bangladesh/PS/BGD_45_90.tif,FloodPlanet/Bangladesh/labels/BGD_45_90.tif,14.5562
Bangladesh,BGD_50_67,FloodPlanet/Bangladesh/PS/BGD_50_67.tif,FloodPlanet/Bangladesh/labels/BGD_50_67.tif,21.0
Bangladesh,BGD_50_83,FloodPlanet/Bangladesh/PS/BGD_50_83.tif,FloodPlanet/Bangladesh/labels/BGD_50_83.tif,28.3492
Bangladesh,BGD_52_67,FloodPlanet/Bangladesh/PS/BGD_52_67.tif,FloodPlanet/Bangladesh/labels/BGD_52_67.tif,37.7216
Bangladesh,BGD_52_81,FloodPlanet/Bangladesh/PS/BGD_52_81.tif,FloodPlanet/Bangladesh/labels/BGD_52_81.tif,23.3383
Bangladesh,BGD_53_80,FloodPlanet/Bangladesh/PS/BGD_53_80.tif,FloodPlanet/Bangladesh/labels/BGD_53_80.tif,21.1396
Bangladesh,BGD_54_69,FloodPlanet/Bangladesh/PS/BGD_54_69.tif,FloodPlanet/Bangladesh/labels/BGD_54_69.tif,63.9288
Bangladesh,BGD_56_68,FloodPlanet/Bangladesh/PS/BGD_56_68.tif,FloodPlanet/Bangladesh/labels/BGD_56_68.tif,58.2252
Bangladesh,BGD_59_27,FloodPlanet/Bangladesh/PS/BGD_59_27.tif,FloodPlanet/Bangladesh/labels/BGD_59_27.tif,34.1447
Bangladesh,BGD_62_23,FloodPlanet/Bangladesh/PS/BGD_62_23.tif,FloodPlanet/Bangladesh/labels/BGD_62_23.tif,30.8619
Bangladesh,BGD_64_23,FloodPlanet/Bangladesh/PS/BGD_64_23.tif,FloodPlanet/Bangladesh/labels/BGD_64_23.tif,36.4592
Bangladesh,BGD_66_18,FloodPlanet/Bangladesh/PS/BGD_66_18.tif,FloodPlanet/Bangladesh/labels/BGD_66_18.tif,23.2118
Bangladesh,BGD_67_19,FloodPlanet/Bangladesh/PS/BGD_67_19.tif,FloodPlanet/Bangladesh/labels/BGD_67_19.tif,44.0353
Bolivia,BOL_1015,FloodPlanet/Bolivia/PS/BOL_1015.tif,FloodPlanet/Bolivia/labels/BOL_1015.tif,12.7621
Bolivia,BOL_1016,FloodPlanet/Bolivia/PS/BOL_1016.tif,FloodPlanet/Bolivia/labels/BOL_1016.tif,10.7552
Bolivia,BOL_1017,FloodPlanet/Bolivia/PS/BOL_1017.tif,FloodPlanet/Bolivia/labels/BOL_1017.tif,25.92
Bolivia,BOL_1041,FloodPlanet/Bolivia/PS/BOL_1041.tif,FloodPlanet/Bolivia/labels/BOL_1041.tif,14.3239
Bolivia,BOL_1042,FloodPlanet/Bolivia/PS/BOL_1042.tif,FloodPlanet/Bolivia/labels/BOL_1042.tif,6.4166
Bolivia,BOL_1069,FloodPlanet/Bolivia/PS/BOL_1069.tif,FloodPlanet/Bolivia/labels/BOL_1069.tif,7.1012
Bolivia,BOL_1096,FloodPlanet/Bolivia/PS/BOL_1096.tif,FloodPlanet/Bolivia/labels/BOL_1096.tif,22.5577
Bolivia,BOL_1122,FloodPlanet/Bolivia/PS/BOL_1122.tif,FloodPlanet/Bolivia/labels/BOL_1122.tif,10.9914
Bolivia,BOL_1123,FloodPlanet/Bolivia/PS/BOL_1123.tif,FloodPlanet/Bolivia/labels/BOL_1123.tif,26.7396
Bolivia,BOL_1124,FloodPlanet/Bolivia/PS/BOL_1124.tif,FloodPlanet/Bolivia/labels/BOL_1124.tif,28.0493
Bolivia,BOL_1149,FloodPlanet/Bolivia/PS/BOL_1149.tif,FloodPlanet/Bolivia/labels/BOL_1149.tif,41.5745
Bolivia,BOL_1150,FloodPlanet/Bolivia/PS/BOL_1150.tif,FloodPlanet/Bolivia/labels/BOL_1150.tif,44.5938
Bolivia,BOL_1151,FloodPlanet/Bolivia/PS/BOL_1151.tif,FloodPlanet/Bolivia/labels/BOL_1151.tif,17.6752
Bolivia,BOL_1176,FloodPlanet/Bolivia/PS/BOL_1176.tif,FloodPlanet/Bolivia/labels/BOL_1176.tif,34.2237
Bolivia,BOL_1177,FloodPlanet/Bolivia/PS/BOL_1177.tif,FloodPlanet/Bolivia/labels/BOL_1177.tif,53.7155
Bolivia,BOL_1201,FloodPlanet/Bolivia/PS/BOL_1201.tif,FloodPlanet/Bolivia/labels/BOL_1201.tif,45.5975
Bolivia,BOL_1204,FloodPlanet/Bolivia/PS/BOL_1204.tif,FloodPlanet/Bolivia/labels/BOL_1204.tif,29.7351
Bolivia,BOL_1229,FloodPlanet/Bolivia/PS/BOL_1229.tif,FloodPlanet/Bolivia/labels/BOL_1229.tif,56.4851
Bolivia,BOL_1230,FloodPlanet/Bolivia/PS/BOL_1230.tif,FloodPlanet/Bolivia/labels/BOL_1230.tif,65.7668
Bolivia,BOL_1255,FloodPlanet/Bolivia/PS/BOL_1255.tif,FloodPlanet/Bolivia/labels/BOL_1255.tif,36.451
Bolivia,BOL_1256,FloodPlanet/Bolivia/PS/BOL_1256.tif,FloodPlanet/Bolivia/labels/BOL_1256.tif,23.0953
Bolivia,BOL_1257,FloodPlanet/Bolivia/PS/BOL_1257.tif,FloodPlanet/Bolivia/labels/BOL_1257.tif,59.1006
Bolivia,BOL_1284,FloodPlanet/Bolivia/PS/BOL_1284.tif,FloodPlanet/Bolivia/labels/BOL_1284.tif,21.8064
Bolivia,BOL_1285,FloodPlanet/Bolivia/PS/BOL_1285.tif,FloodPlanet/Bolivia/labels/BOL_1285.tif,13.5859
Bolivia,BOL_1309,FloodPlanet/Bolivia/PS/BOL_1309.tif,FloodPlanet/Bolivia/labels/BOL_1309.tif,33.7571
Bolivia,BOL_1310,FloodPlanet/Bolivia/PS/BOL_1310.tif,FloodPlanet/Bolivia/labels/BOL_1310.tif,56.4726
Bolivia,BOL_1311,FloodPlanet/Bolivia/PS/BOL_1311.tif,FloodPlanet/Bolivia/labels/BOL_1311.tif,33.1223
Bolivia,BOL_1336,FloodPlanet/Bolivia/PS/BOL_1336.tif,FloodPlanet/Bolivia/labels/BOL_1336.tif,66.6455
Bolivia,BOL_1363,FloodPlanet/Bolivia/PS/BOL_1363.tif,FloodPlanet/Bolivia/labels/BOL_1363.tif,20.0818
Bolivia,BOL_1364,FloodPlanet/Bolivia/PS/BOL_1364.tif,FloodPlanet/Bolivia/labels/BOL_1364.tif,50.8968
Bolivia,BOL_1365,FloodPlanet/Bolivia/PS/BOL_1365.tif,FloodPlanet/Bolivia/labels/BOL_1365.tif,42.1989
Bolivia,BOL_1390,FloodPlanet/Bolivia/PS/BOL_1390.tif,FloodPlanet/Bolivia/labels/BOL_1390.tif,29.1001
Bolivia,BOL_1391,FloodPlanet/Bolivia/PS/BOL_1391.tif,FloodPlanet/Bolivia/labels/BOL_1391.tif,44.1024
Bolivia,BOL_1417,FloodPlanet/Bolivia/PS/BOL_1417.tif,FloodPlanet/Bolivia/labels/BOL_1417.tif,8.4077
Bolivia,BOL_1418,FloodPlanet/Bolivia/PS/BOL_1418.tif,FloodPlanet/Bolivia/labels/BOL_1418.tif,49.4028
Bolivia,BOL_1523,FloodPlanet/Bolivia/PS/BOL_1523.tif,FloodPlanet/Bolivia/labels/BOL_1523.tif,22.9445
Bolivia,BOL_1524,FloodPlanet/Bolivia/PS/BOL_1524.tif,FloodPlanet/Bolivia/labels/BOL_1524.tif,21.8034
Bolivia,BOL_1525,FloodPlanet/Bolivia/PS/BOL_1525.tif,FloodPlanet/Bolivia/labels/BOL_1525.tif,64.3183
Bolivia,BOL_1551,FloodPlanet/Bolivia/PS/BOL_1551.tif,FloodPlanet/Bolivia/labels/BOL_1551.tif,22.5899
Bolivia,BOL_1578,FloodPlanet/Bolivia/PS/BOL_1578.tif,FloodPlanet/Bolivia/labels/BOL_1578.tif,18.4869
Bolivia,BOL_1579,FloodPlanet/Bolivia/PS/BOL_1579.tif,FloodPlanet/Bolivia/labels/BOL_1579.tif,62.4897
Bolivia,BOL_1604,FloodPlanet/Bolivia/PS/BOL_1604.tif,FloodPlanet/Bolivia/labels/BOL_1604.tif,3.3853
Bolivia,BOL_1605,FloodPlanet/Bolivia/PS/BOL_1605.tif,FloodPlanet/Bolivia/labels/BOL_1605.tif,5.7236
Bolivia,BOL_1606,FloodPlanet/Bolivia/PS/BOL_1606.tif,FloodPlanet/Bolivia/labels/BOL_1606.tif,44.2676
Bolivia,BOL_1633,FloodPlanet/Bolivia/PS/BOL_1633.tif,FloodPlanet/Bolivia/labels/BOL_1633.tif,17.5558
Bolivia,BOL_1660,FloodPlanet/Bolivia/PS/BOL_1660.tif,FloodPlanet/Bolivia/labels/BOL_1660.tif,8.8759
Bolivia,BOL_1687,FloodPlanet/Bolivia/PS/BOL_1687.tif,FloodPlanet/Bolivia/labels/BOL_1687.tif,10.4228
Bolivia,BOL_1738,FloodPlanet/Bolivia/PS/BOL_1738.tif,FloodPlanet/Bolivia/labels/BOL_1738.tif,11.5498
Bolivia,BOL_1739,FloodPlanet/Bolivia/PS/BOL_1739.tif,FloodPlanet/Bolivia/labels/BOL_1739.tif,36.9164
Bolivia,BOL_1740,FloodPlanet/Bolivia/PS/BOL_1740.tif,FloodPlanet/Bolivia/labels/BOL_1740.tif,10.1269
Bolivia,BOL_1765,FloodPlanet/Bolivia/PS/BOL_1765.tif,FloodPlanet/Bolivia/labels/BOL_1765.tif,48.1773
Bolivia,BOL_1817,FloodPlanet/Bolivia/PS/BOL_1817.tif,FloodPlanet/Bolivia/labels/BOL_1817.tif,72.9199
Bolivia,BOL_1818,FloodPlanet/Bolivia/PS/BOL_1818.tif,FloodPlanet/Bolivia/labels/BOL_1818.tif,65.3982
Bolivia,BOL_1819,FloodPlanet/Bolivia/PS/BOL_1819.tif,FloodPlanet/Bolivia/labels/BOL_1819.tif,72.4707
Bolivia,BOL_1820,FloodPlanet/Bolivia/PS/BOL_1820.tif,FloodPlanet/Bolivia/labels/BOL_1820.tif,70.4612
Bolivia,BOL_1844,FloodPlanet/Bolivia/PS/BOL_1844.tif,FloodPlanet/Bolivia/labels/BOL_1844.tif,33.7734
Bolivia,BOL_347,FloodPlanet/Bolivia/PS/BOL_347.tif,FloodPlanet/Bolivia/labels/BOL_347.tif,14.8196
Bolivia,BOL_372,FloodPlanet/Bolivia/PS/BOL_372.tif,FloodPlanet/Bolivia/labels/BOL_372.tif,63.3471
Bolivia,BOL_426,FloodPlanet/Bolivia/PS/BOL_426.tif,FloodPlanet/Bolivia/labels/BOL_426.tif,20.1056
Bolivia,BOL_427,FloodPlanet/Bolivia/PS/BOL_427.tif,FloodPlanet/Bolivia/labels/BOL_427.tif,14.203
Bolivia,BOL_453,FloodPlanet/Bolivia/PS/BOL_453.tif,FloodPlanet/Bolivia/labels/BOL_453.tif,24.5829
Bolivia,BOL_454,FloodPlanet/Bolivia/PS/BOL_454.tif,FloodPlanet/Bolivia/labels/BOL_454.tif,24.1656
Bolivia,BOL_480,FloodPlanet/Bolivia/PS/BOL_480.tif,FloodPlanet/Bolivia/labels/BOL_480.tif,34.5465
Bolivia,BOL_481,FloodPlanet/Bolivia/PS/BOL_481.tif,FloodPlanet/Bolivia/labels/BOL_481.tif,25.4335
Bolivia,BOL_507,FloodPlanet/Bolivia/PS/BOL_507.tif,FloodPlanet/Bolivia/labels/BOL_507.tif,26.9437
Bolivia,BOL_534,FloodPlanet/Bolivia/PS/BOL_534.tif,FloodPlanet/Bolivia/labels/BOL_534.tif,30.4771
Bolivia,BOL_561,FloodPlanet/Bolivia/PS/BOL_561.tif,FloodPlanet/Bolivia/labels/BOL_561.tif,21.9863
Bolivia,BOL_586,FloodPlanet/Bolivia/PS/BOL_586.tif,FloodPlanet/Bolivia/labels/BOL_586.tif,58.6718
Bolivia,BOL_587,FloodPlanet/Bolivia/PS/BOL_587.tif,FloodPlanet/Bolivia/labels/BOL_587.tif,47.9856
Bolivia,BOL_588,FloodPlanet/Bolivia/PS/BOL_588.tif,FloodPlanet/Bolivia/labels/BOL_588.tif,41.6882
Bolivia,BOL_640,FloodPlanet/Bolivia/PS/BOL_640.tif,FloodPlanet/Bolivia/labels/BOL_640.tif,59.694
Bolivia,BOL_641,FloodPlanet/Bolivia/PS/BOL_641.tif,FloodPlanet/Bolivia/labels/BOL_641.tif,70.2084
Bolivia,BOL_667,FloodPlanet/Bolivia/PS/BOL_667.tif,FloodPlanet/Bolivia/labels/BOL_667.tif,65.2385
Bolivia,BOL_668,FloodPlanet/Bolivia/PS/BOL_668.tif,FloodPlanet/Bolivia/labels/BOL_668.tif,66.7121
Bolivia,BOL_693,FloodPlanet/Bolivia/PS/BOL_693.tif,FloodPlanet/Bolivia/labels/BOL_693.tif,49.7211
Bolivia,BOL_694,FloodPlanet/Bolivia/PS/BOL_694.tif,FloodPlanet/Bolivia/labels/BOL_694.tif,57.2862
Bolivia,BOL_695,FloodPlanet/Bolivia/PS/BOL_695.tif,FloodPlanet/Bolivia/labels/BOL_695.tif,61.9375
Bolivia,BOL_720,FloodPlanet/Bolivia/PS/BOL_720.tif,FloodPlanet/Bolivia/labels/BOL_720.tif,27.5268
Bolivia,BOL_721,FloodPlanet/Bolivia/PS/BOL_721.tif,FloodPlanet/Bolivia/labels/BOL_721.tif,47.2472
Bolivia,BOL_722,FloodPlanet/Bolivia/PS/BOL_722.tif,FloodPlanet/Bolivia/labels/BOL_722.tif,51.3206
Bolivia,BOL_747,FloodPlanet/Bolivia/PS/BOL_747.tif,FloodPlanet/Bolivia/labels/BOL_747.tif,28.31
Bolivia,BOL_748,FloodPlanet/Bolivia/PS/BOL_748.tif,FloodPlanet/Bolivia/labels/BOL_748.tif,43.351
Bolivia,BOL_774,FloodPlanet/Bolivia/PS/BOL_774.tif,FloodPlanet/Bolivia/labels/BOL_774.tif,80.8923
Bolivia,BOL_775,FloodPlanet/Bolivia/PS/BOL_775.tif,FloodPlanet/Bolivia/labels/BOL_775.tif,44.7927
Bolivia,BOL_801,FloodPlanet/Bolivia/PS/BOL_801.tif,FloodPlanet/Bolivia/labels/BOL_801.tif,22.3247
Bolivia,BOL_802,FloodPlanet/Bolivia/PS/BOL_802.tif,FloodPlanet/Bolivia/labels/BOL_802.tif,26.2208
Bolivia,BOL_828,FloodPlanet/Bolivia/PS/BOL_828.tif,FloodPlanet/Bolivia/labels/BOL_828.tif,9.2025
Bolivia,BOL_829,FloodPlanet/Bolivia/PS/BOL_829.tif,FloodPlanet/Bolivia/labels/BOL_829.tif,32.813
Bolivia,BOL_853,FloodPlanet/Bolivia/PS/BOL_853.tif,FloodPlanet/Bolivia/labels/BOL_853.tif,28.5275
Bolivia,BOL_854,FloodPlanet/Bolivia/PS/BOL_854.tif,FloodPlanet/Bolivia/labels/BOL_854.tif,49.0452
Bolivia,BOL_855,FloodPlanet/Bolivia/PS/BOL_855.tif,FloodPlanet/Bolivia/labels/BOL_855.tif,7.7911
Bolivia,BOL_856,FloodPlanet/Bolivia/PS/BOL_856.tif,FloodPlanet/Bolivia/labels/BOL_856.tif,21.1756
Bolivia,BOL_880,FloodPlanet/Bolivia/PS/BOL_880.tif,FloodPlanet/Bolivia/labels/BOL_880.tif,52.7259
Bolivia,BOL_881,FloodPlanet/Bolivia/PS/BOL_881.tif,FloodPlanet/Bolivia/labels/BOL_881.tif,34.895
Bolivia,BOL_882,FloodPlanet/Bolivia/PS/BOL_882.tif,FloodPlanet/Bolivia/labels/BOL_882.tif,33.0407
Bolivia,BOL_883,FloodPlanet/Bolivia/PS/BOL_883.tif,FloodPlanet/Bolivia/labels/BOL_883.tif,6.2714
Bolivia,BOL_908,FloodPlanet/Bolivia/PS/BOL_908.tif,FloodPlanet/Bolivia/labels/BOL_908.tif,41.6603
Bolivia,BOL_909,FloodPlanet/Bolivia/PS/BOL_909.tif,FloodPlanet/Bolivia/labels/BOL_909.tif,52.3074
Bolivia,BOL_936,FloodPlanet/Bolivia/PS/BOL_936.tif,FloodPlanet/Bolivia/labels/BOL_936.tif,38.0173
Bolivia,BOL_989,FloodPlanet/Bolivia/PS/BOL_989.tif,FloodPlanet/Bolivia/labels/BOL_989.tif,69.9444
Cambodia,MEK_3853,FloodPlanet/Cambodia/PS/MEK_3853.tif,FloodPlanet/Cambodia/labels/MEK_3853.tif,70.6636
Cambodia,MEK_4991,FloodPlanet/Cambodia/PS/MEK_4991.tif,FloodPlanet/Cambodia/labels/MEK_4991.tif,65.8648
Cambodia,MEK_5243,FloodPlanet/Cambodia/PS/MEK_5243.tif,FloodPlanet/Cambodia/labels/MEK_5243.tif,93.0485
Cambodia,MEK_5340,FloodPlanet/Cambodia/PS/MEK_5340.tif,FloodPlanet/Cambodia/labels/MEK_5340.tif,82.6308
Cambodia,MEK_5423,FloodPlanet/Cambodia/PS/MEK_5423.tif,FloodPlanet/Cambodia/labels/MEK_5423.tif,69.7096
Cambodia,MEK_5511,FloodPlanet/Cambodia/PS/MEK_5511.tif,FloodPlanet/Cambodia/labels/MEK_5511.tif,65.5264
Cambodia,MEK_5686,FloodPlanet/Cambodia/PS/MEK_5686.tif,FloodPlanet/Cambodia/labels/MEK_5686.tif,64.0707
Cambodia,MEK_5949,FloodPlanet/Cambodia/PS/MEK_5949.tif,FloodPlanet/Cambodia/labels/MEK_5949.tif,61.5496
Cambodia,MEK_5955,FloodPlanet/Cambodia/PS/MEK_5955.tif,FloodPlanet/Cambodia/labels/MEK_5955.tif,80.3372
Cambodia,MEK_5958,FloodPlanet/Cambodia/PS/MEK_5958.tif,FloodPlanet/Cambodia/labels/MEK_5958.tif,85.1507
Cambodia,MEK_6131,FloodPlanet/Cambodia/PS/MEK_6131.tif,FloodPlanet/Cambodia/labels/MEK_6131.tif,93.878
Cambodia,MEK_6307,FloodPlanet/Cambodia/PS/MEK_6307.tif,FloodPlanet/Cambodia/labels/MEK_6307.tif,72.8242
Cambodia,MEK_6392,FloodPlanet/Cambodia/PS/MEK_6392.tif,FloodPlanet/Cambodia/labels/MEK_6392.tif,60.2742
Cambodia,MEK_6689,FloodPlanet/Cambodia/PS/MEK_6689.tif,FloodPlanet/Cambodia/labels/MEK_6689.tif,51.2323
Cambodia,MEK_6827,FloodPlanet/Cambodia/PS/MEK_6827.tif,FloodPlanet/Cambodia/labels/MEK_6827.tif,79.9434
Cambodia,MEK_6830,FloodPlanet/Cambodia/PS/MEK_6830.tif,FloodPlanet/Cambodia/labels/MEK_6830.tif,85.0019
Cambodia,MEK_6864,FloodPlanet/Cambodia/PS/MEK_6864.tif,FloodPlanet/Cambodia/labels/MEK_6864.tif,72.0358
Cambodia,MEK_6903,FloodPlanet/Cambodia/PS/MEK_6903.tif,FloodPlanet/Cambodia/labels/MEK_6903.tif,93.8993
Cambodia,MEK_7076,FloodPlanet/Cambodia/PS/MEK_7076.tif,FloodPlanet/Cambodia/labels/MEK_7076.tif,87.1772
Cambodia,MEK_7092,FloodPlanet/Cambodia/PS/MEK_7092.tif,FloodPlanet/Cambodia/labels/MEK_7092.tif,78.2758
Colombia,COL_23_11,FloodPlanet/Colombia/PS/COL_23_11.tif,FloodPlanet/Colombia/labels/COL_23_11.tif,71.5592
Colombia,COL_25_4,FloodPlanet/Colombia/PS/COL_25_4.tif,FloodPlanet/Colombia/labels/COL_25_4.tif,43.8865
Colombia,COL_27_95,FloodPlanet/Colombia/PS/COL_27_95.tif,FloodPlanet/Colombia/labels/COL_27_95.tif,3.9194
Colombia,COL_30_100,FloodPlanet/Colombia/PS/COL_30_100.tif,FloodPlanet/Colombia/labels/COL_30_100.tif,1.0753
Colombia,COL_32_61,FloodPlanet/Colombia/PS/COL_32_61.tif,FloodPlanet/Colombia/labels/COL_32_61.tif,46.1805
Colombia,COL_33_100,FloodPlanet/Colombia/PS/COL_33_100.tif,FloodPlanet/Colombia/labels/COL_33_100.tif,7.1439
Colombia,COL_33_63,FloodPlanet/Colombia/PS/COL_33_63.tif,FloodPlanet/Colombia/labels/COL_33_63.tif,49.2111
Colombia,COL_33_67,FloodPlanet/Colombia/PS/COL_33_67.tif,FloodPlanet/Colombia/labels/COL_33_67.tif,53.6708
Colombia,COL_33_98,FloodPlanet/Colombia/PS/COL_33_98.tif,FloodPlanet/Colombia/labels/COL_33_98.tif,6.8221
Colombia,COL_35_61,FloodPlanet/Colombia/PS/COL_35_61.tif,FloodPlanet/Colombia/labels/COL_35_61.tif,96.8713
Colombia,COL_37_61,FloodPlanet/Colombia/PS/COL_37_61.tif,FloodPlanet/Colombia/labels/COL_37_61.tif,20.7732
Colombia,COL_38_74,FloodPlanet/Colombia/PS/COL_38_74.tif,FloodPlanet/Colombia/labels/COL_38_74.tif,50.8239
Ghana,GHA_14_33,FloodPlanet/Ghana/PS/GHA_14_33.tif,FloodPlanet/Ghana/labels/GHA_14_33.tif,36.9213
Ghana,GHA_21_31,FloodPlanet/Ghana/PS/GHA_21_31.tif,FloodPlanet/Ghana/labels/GHA_21_31.tif,12.7696
Ghana,GHA_22_49,FloodPlanet/Ghana/PS/GHA_22_49.tif,FloodPlanet/Ghana/labels/GHA_22_49.tif,42.8531
Ghana,GHA_22_51,FloodPlanet/Ghana/PS/GHA_22_51.tif,FloodPlanet/Ghana/labels/GHA_22_51.tif,68.8954
Ghana,GHA_23_48,FloodPlanet/Ghana/PS/GHA_23_48.tif,FloodPlanet/Ghana/labels/GHA_23_48.tif,21.9403
Ghana,GHA_23_50,FloodPlanet/Ghana/PS/GHA_23_50.tif,FloodPlanet/Ghana/labels/GHA_23_50.tif,59.6618
Ghana,GHA_24_49,FloodPlanet/Ghana/PS/GHA_24_49.tif,FloodPlanet/Ghana/labels/GHA_24_49.tif,94.3865
Ghana,GHA_32_45,FloodPlanet/Ghana/PS/GHA_32_45.tif,FloodPlanet/Ghana/labels/GHA_32_45.tif,30.2675
Ghana,GHA_32_48,FloodPlanet/Ghana/PS/GHA_32_48.tif,FloodPlanet/Ghana/labels/GHA_32_48.tif,35.4509
Ghana,GHA_33_40,FloodPlanet/Ghana/PS/GHA_33_40.tif,FloodPlanet/Ghana/labels/GHA_33_40.tif,30.1088
Ghana,GHA_34_33,FloodPlanet/Ghana/PS/GHA_34_33.tif,FloodPlanet/Ghana/labels/GHA_34_33.tif,77.2736
Ghana,GHA_34_39,FloodPlanet/Ghana/PS/GHA_34_39.tif,FloodPlanet/Ghana/labels/GHA_34_39.tif,36.4915
Ghana,GHA_34_46,FloodPlanet/Ghana/PS/GHA_34_46.tif,FloodPlanet/Ghana/labels/GHA_34_46.tif,66.6576
Ghana,GHA_34_48,FloodPlanet/Ghana/PS/GHA_34_48.tif,FloodPlanet/Ghana/labels/GHA_34_48.tif,74.4104
Ghana,GHA_35_35,FloodPlanet/Ghana/PS/GHA_35_35.tif,FloodPlanet/Ghana/labels/GHA_35_35.tif,95.7322
Ghana,GHA_35_38,FloodPlanet/Ghana/PS/GHA_35_38.tif,FloodPlanet/Ghana/labels/GHA_35_38.tif,98.3446
Ghana,GHA_36_42,FloodPlanet/Ghana/PS/GHA_36_42.tif,FloodPlanet/Ghana/labels/GHA_36_42.tif,87.5145
Ghana,GHA_36_44,FloodPlanet/Ghana/PS/GHA_36_44.tif,FloodPlanet/Ghana/labels/GHA_36_44.tif,50.1038
Ghana,GHA_5_25,FloodPlanet/Ghana/PS/GHA_5_25.tif,FloodPlanet/Ghana/labels/GHA_5_25.tif,34.3721
Ghana,GHA_6_24,FloodPlanet/Ghana/PS/GHA_6_24.tif,FloodPlanet/Ghana/labels/GHA_6_24.tif,66.7952
Nepal,NPL_12_17,FloodPlanet/Nepal/PS/NPL_12_17.tif,FloodPlanet/Nepal/labels/NPL_12_17.tif,95.1909
Nepal,NPL_13_18,FloodPlanet/Nepal/PS/NPL_13_18.tif,FloodPlanet/Nepal/labels/NPL_13_18.tif,60.6541
Nepal,NPL_14_19,FloodPlanet/Nepal/PS/NPL_14_19.tif,FloodPlanet/Nepal/labels/NPL_14_19.tif,80.5849
Nepal,NPL_15_18,FloodPlanet/Nepal/PS/NPL_15_18.tif,FloodPlanet/Nepal/labels/NPL_15_18.tif,91.8211
Nepal,NPL_16_15,FloodPlanet/Nepal/PS/NPL_16_15.tif,FloodPlanet/Nepal/labels/NPL_16_15.tif,34.3464
Nepal,NPL_16_19,FloodPlanet/Nepal/PS/NPL_16_19.tif,FloodPlanet/Nepal/labels/NPL_16_19.tif,65.8847
Nepal,NPL_7_7,FloodPlanet/Nepal/PS/NPL_7_7.tif,FloodPlanet/Nepal/labels/NPL_7_7.tif,72.6578
Nepal,NPL_7_9,FloodPlanet/Nepal/PS/NPL_7_9.tif,FloodPlanet/Nepal/labels/NPL_7_9.tif,15.1214
Nepal,NPL_8_6,FloodPlanet/Nepal/PS/NPL_8_6.tif,FloodPlanet/Nepal/labels/NPL_8_6.tif,41.6433
Nigeria,NGA_10_42,FloodPlanet/Nigeria/PS/NGA_10_42.tif,FloodPlanet/Nigeria/labels/NGA_10_42.tif,82.4554
Nigeria,NGA_11_37,FloodPlanet/Nigeria/PS/NGA_11_37.tif,FloodPlanet/Nigeria/labels/NGA_11_37.tif,58.1883
Nigeria,NGA_13_30,FloodPlanet/Nigeria/PS/NGA_13_30.tif,FloodPlanet/Nigeria/labels/NGA_13_30.tif,33.7626
Nigeria,NGA_14_46,FloodPlanet/Nigeria/PS/NGA_14_46.tif,FloodPlanet/Nigeria/labels/NGA_14_46.tif,94.9415
Nigeria,NGA_15_13,FloodPlanet/Nigeria/PS/NGA_15_13.tif,FloodPlanet/Nigeria/labels/NGA_15_13.tif,35.8742
Nigeria,NGA_15_18,FloodPlanet/Nigeria/PS/NGA_15_18.tif,FloodPlanet/Nigeria/labels/NGA_15_18.tif,3.5918
Nigeria,NGA_15_23,FloodPlanet/Nigeria/PS/NGA_15_23.tif,FloodPlanet/Nigeria/labels/NGA_15_23.tif,88.2201
Nigeria,NGA_16_41,FloodPlanet/Nigeria/PS/NGA_16_41.tif,FloodPlanet/Nigeria/labels/NGA_16_41.tif,34.233
Nigeria,NGA_19_46,FloodPlanet/Nigeria/PS/NGA_19_46.tif,FloodPlanet/Nigeria/labels/NGA_19_46.tif,95.1417
Nigeria,NGA_4_44,FloodPlanet/Nigeria/PS/NGA_4_44.tif,FloodPlanet/Nigeria/labels/NGA_4_44.tif,88.437
Nigeria,NGA_4_46,FloodPlanet/Nigeria/PS/NGA_4_46.tif,FloodPlanet/Nigeria/labels/NGA_4_46.tif,33.8902
Nigeria,NGA_4_58,FloodPlanet/Nigeria/PS/NGA_4_58.tif,FloodPlanet/Nigeria/labels/NGA_4_58.tif,8.2307
Nigeria,NGA_5_42,FloodPlanet/Nigeria/PS/NGA_5_42.tif,FloodPlanet/Nigeria/labels/NGA_5_42.tif,95.8132
Nigeria,NGA_7_42,FloodPlanet/Nigeria/PS/NGA_7_42.tif,FloodPlanet/Nigeria/labels/NGA_7_42.tif,89.22
Nigeria,NGA_7_44,FloodPlanet/Nigeria/PS/NGA_7_44.tif,FloodPlanet/Nigeria/labels/NGA_7_44.tif,96.8684
Paraguay,PRY_12_58,FloodPlanet/Paraguay/PS/PRY_12_58.tif,FloodPlanet/Paraguay/labels/PRY_12_58.tif,22.0953
Paraguay,PRY_16_68,FloodPlanet/Paraguay/PS/PRY_16_68.tif,FloodPlanet/Paraguay/labels/PRY_16_68.tif,16.0834
Paraguay,PRY_16_72,FloodPlanet/Paraguay/PS/PRY_16_72.tif,FloodPlanet/Paraguay/labels/PRY_16_72.tif,35.4786
Paraguay,PRY_17_42,FloodPlanet/Paraguay/PS/PRY_17_42.tif,FloodPlanet/Paraguay/labels/PRY_17_42.tif,22.4762
Paraguay,PRY_17_70,FloodPlanet/Paraguay/PS/PRY_17_70.tif,FloodPlanet/Paraguay/labels/PRY_17_70.tif,33.0449
Paraguay,PRY_18_59,FloodPlanet/Paraguay/PS/PRY_18_59.tif,FloodPlanet/Paraguay/labels/PRY_18_59.tif,42.4338
Paraguay,PRY_19_17,FloodPlanet/Paraguay/PS/PRY_19_17.tif,FloodPlanet/Paraguay/labels/PRY_19_17.tif,27.2827
Paraguay,PRY_19_29,FloodPlanet/Paraguay/PS/PRY_19_29.tif,FloodPlanet/Paraguay/labels/PRY_19_29.tif,23.2293
Paraguay,PRY_20_12,FloodPlanet/Paraguay/PS/PRY_20_12.tif,FloodPlanet/Paraguay/labels/PRY_20_12.tif,45.4368
Paraguay,PRY_20_58,FloodPlanet/Paraguay/PS/PRY_20_58.tif,FloodPlanet/Paraguay/labels/PRY_20_58.tif,50.5622
Paraguay,PRY_23_39,FloodPlanet/Paraguay/PS/PRY_23_39.tif,FloodPlanet/Paraguay/labels/PRY_23_39.tif,70.4926
Paraguay,PRY_24_43,FloodPlanet/Paraguay/PS/PRY_24_43.tif,FloodPlanet/Paraguay/labels/PRY_24_43.tif,11.4144
Paraguay,PRY_27_24,FloodPlanet/Paraguay/PS/PRY_27_24.tif,FloodPlanet/Paraguay/labels/PRY_27_24.tif,22.5747
Paraguay,PRY_28_32,FloodPlanet/Paraguay/PS/PRY_28_32.tif,FloodPlanet/Paraguay/labels/PRY_28_32.tif,80.4833
Paraguay,PRY_34_51,FloodPlanet/Paraguay/PS/PRY_34_51.tif,FloodPlanet/Paraguay/labels/PRY_34_51.tif,90.6477
Paraguay,PRY_35_44,FloodPlanet/Paraguay/PS/PRY_35_44.tif,FloodPlanet/Paraguay/labels/PRY_35_44.tif,87.275
Paraguay,PRY_48_7,FloodPlanet/Paraguay/PS/PRY_48_7.tif,FloodPlanet/Paraguay/labels/PRY_48_7.tif,5.2808
Paraguay,PRY_9_54,FloodPlanet/Paraguay/PS/PRY_9_54.tif,FloodPlanet/Paraguay/labels/PRY_9_54.tif,36.043
Somalia,SOM_10_19,FloodPlanet/Somalia/PS/SOM_10_19.tif,FloodPlanet/Somalia/labels/SOM_10_19.tif,57.9549
Somalia,SOM_11_22,FloodPlanet/Somalia/PS/SOM_11_22.tif,FloodPlanet/Somalia/labels/SOM_11_22.tif,36.1567
Somalia,SOM_13_26,FloodPlanet/Somalia/PS/SOM_13_26.tif,FloodPlanet/Somalia/labels/SOM_13_26.tif,6.2203
Somalia,SOM_14_21,FloodPlanet/Somalia/PS/SOM_14_21.tif,FloodPlanet/Somalia/labels/SOM_14_21.tif,17.0482
Somalia,SOM_17_34,FloodPlanet/Somalia/PS/SOM_17_34.tif,FloodPlanet/Somalia/labels/SOM_17_34.tif,18.744
Somalia,SOM_18_36,FloodPlanet/Somalia/PS/SOM_18_36.tif,FloodPlanet/Somalia/labels/SOM_18_36.tif,7.8372
Somalia,SOM_18_79,FloodPlanet/Somalia/PS/SOM_18_79.tif,FloodPlanet/Somalia/labels/SOM_18_79.tif,26.2376
Somalia,SOM_20_44,FloodPlanet/Somalia/PS/SOM_20_44.tif,FloodPlanet/Somalia/labels/SOM_20_44.tif,1.1181
Somalia,SOM_20_71,FloodPlanet/Somalia/PS/SOM_20_71.tif,FloodPlanet/Somalia/labels/SOM_20_71.tif,17.9591
Somalia,SOM_21_41,FloodPlanet/Somalia/PS/SOM_21_41.tif,FloodPlanet/Somalia/labels/SOM_21_41.tif,0.8121
Somalia,SOM_21_78,FloodPlanet/Somalia/PS/SOM_21_78.tif,FloodPlanet/Somalia/labels/SOM_21_78.tif,49.9743
Somalia,SOM_22_88,FloodPlanet/Somalia/PS/SOM_22_88.tif,FloodPlanet/Somalia/labels/SOM_22_88.tif,40.6875
Somalia,SOM_23_68,FloodPlanet/Somalia/PS/SOM_23_68.tif,FloodPlanet/Somalia/labels/SOM_23_68.tif,19.7306
Somalia,SOM_23_73,FloodPlanet/Somalia/PS/SOM_23_73.tif,FloodPlanet/Somalia/labels/SOM_23_73.tif,73.6165
Somalia,SOM_23_92,FloodPlanet/Somalia/PS/SOM_23_92.tif,FloodPlanet/Somalia/labels/SOM_23_92.tif,13.9074
Somalia,SOM_24_65,FloodPlanet/Somalia/PS/SOM_24_65.tif,FloodPlanet/Somalia/labels/SOM_24_65.tif,20.9202
Somalia,SOM_24_83,FloodPlanet/Somalia/PS/SOM_24_83.tif,FloodPlanet/Somalia/labels/SOM_24_83.tif,6.6206
Somalia,SOM_26_62,FloodPlanet/Somalia/PS/SOM_26_62.tif,FloodPlanet/Somalia/labels/SOM_26_62.tif,12.8947
Somalia,SOM_8_12,FloodPlanet/Somalia/PS/SOM_8_12.tif,FloodPlanet/Somalia/labels/SOM_8_12.tif,43.9821
Somalia,SOM_8_94,FloodPlanet/Somalia/PS/SOM_8_94.tif,FloodPlanet/Somalia/labels/SOM_8_94.tif,81.8778
Spain,ESP_1746,FloodPlanet/Spain/PS/ESP_1746.tif,FloodPlanet/Spain/labels/ESP_1746.tif,7.3981
Spain,ESP_1747,FloodPlanet/Spain/PS/ESP_1747.tif,FloodPlanet/Spain/labels/ESP_1747.tif,1.251
Spain,ESP_1751,FloodPlanet/Spain/PS/ESP_1751.tif,FloodPlanet/Spain/labels/ESP_1751.tif,16.0466
Spain,ESP_1794,FloodPlanet/Spain/PS/ESP_1794.tif,FloodPlanet/Spain/labels/ESP_1794.tif,4.4394
Spain,ESP_1795,FloodPlanet/Spain/PS/ESP_1795.tif,FloodPlanet/Spain/labels/ESP_1795.tif,19.7256
Spain,ESP_1796,FloodPlanet/Spain/PS/ESP_1796.tif,FloodPlanet/Spain/labels/ESP_1796.tif,40.1331
Spain,ESP_1797,FloodPlanet/Spain/PS/ESP_1797.tif,FloodPlanet/Spain/labels/ESP_1797.tif,79.7737
Spain,ESP_1846,FloodPlanet/Spain/PS/ESP_1846.tif,FloodPlanet/Spain/labels/ESP_1846.tif,7.9615
Spain,ESP_1847,FloodPlanet/Spain/PS/ESP_1847.tif,FloodPlanet/Spain/labels/ESP_1847.tif,27.9565
Spain,ESP_1848,FloodPlanet/Spain/PS/ESP_1848.tif,FloodPlanet/Spain/labels/ESP_1848.tif,41.453
Spain,ESP_1849,FloodPlanet/Spain/PS/ESP_1849.tif,FloodPlanet/Spain/labels/ESP_1849.tif,76.43
Spain,ESP_1898,FloodPlanet/Spain/PS/ESP_1898.tif,FloodPlanet/Spain/labels/ESP_1898.tif,11.1066
Spain,ESP_1899,FloodPlanet/Spain/PS/ESP_1899.tif,FloodPlanet/Spain/labels/ESP_1899.tif,44.7678
Spain,ESP_1900,FloodPlanet/Spain/PS/ESP_1900.tif,FloodPlanet/Spain/labels/ESP_1900.tif,73.0845
Spain,ESP_1946,FloodPlanet/Spain/PS/ESP_1946.tif,FloodPlanet/Spain/labels/ESP_1946.tif,29.7019
Spain,ESP_1947,FloodPlanet/Spain/PS/ESP_1947.tif,FloodPlanet/Spain/labels/ESP_1947.tif,8.2493
Spain,ESP_1948,FloodPlanet/Spain/PS/ESP_1948.tif,FloodPlanet/Spain/labels/ESP_1948.tif,10.2229
Spain,ESP_1949,FloodPlanet/Spain/PS/ESP_1949.tif,FloodPlanet/Spain/labels/ESP_1949.tif,18.1599
Spain,ESP_1950,FloodPlanet/Spain/PS/ESP_1950.tif,FloodPlanet/Spain/labels/ESP_1950.tif,28.1062
Spain,ESP_1951,FloodPlanet/Spain/PS/ESP_1951.tif,FloodPlanet/Spain/labels/ESP_1951.tif,36.3284
US-Alabama,NAL_10_14,FloodPlanet/US-Alabama/PS/NAL_10_14.tif,FloodPlanet/US-Alabama/labels/NAL_10_14.tif,29.7013
US-Alabama,NAL_10_23,FloodPlanet/US-Alabama/PS/NAL_10_23.tif,FloodPlanet/US-Alabama/labels/NAL_10_23.tif,33.1992
US-Alabama,NAL_14_30,FloodPlanet/US-Alabama/PS/NAL_14_30.tif,FloodPlanet/US-Alabama/labels/NAL_14_30.tif,49.3492
US-Alabama,NAL_16_10,FloodPlanet/US-Alabama/PS/NAL_16_10.tif,FloodPlanet/US-Alabama/labels/NAL_16_10.tif,22.7678
US-Alabama,NAL_16_3,FloodPlanet/US-Alabama/PS/NAL_16_3.tif,FloodPlanet/US-Alabama/labels/NAL_16_3.tif,24.8593
US-Alabama,NAL_17_8,FloodPlanet/US-Alabama/PS/NAL_17_8.tif,FloodPlanet/US-Alabama/labels/NAL_17_8.tif,27.0863
US-Alabama,NAL_19_38,FloodPlanet/US-Alabama/PS/NAL_19_38.tif,FloodPlanet/US-Alabama/labels/NAL_19_38.tif,51.303
US-Alabama,NAL_22_31,FloodPlanet/US-Alabama/PS/NAL_22_31.tif,FloodPlanet/US-Alabama/labels/NAL_22_31.tif,44.11
US-Alabama,NAL_24_31,FloodPlanet/US-Alabama/PS/NAL_24_31.tif,FloodPlanet/US-Alabama/labels/NAL_24_31.tif,46.9412
US-Alabama,NAL_27_45,FloodPlanet/US-Alabama/PS/NAL_27_45.tif,FloodPlanet/US-Alabama/labels/NAL_27_45.tif,32.2005
US-Alabama,NAL_31_29,FloodPlanet/US-Alabama/PS/NAL_31_29.tif,FloodPlanet/US-Alabama/labels/NAL_31_29.tif,23.8831
US-Alabama,NAL_7_36,FloodPlanet/US-Alabama/PS/NAL_7_36.tif,FloodPlanet/US-Alabama/labels/NAL_7_36.tif,76.4945
US-Alabama,NAL_8_16,FloodPlanet/US-Alabama/PS/NAL_8_16.tif,FloodPlanet/US-Alabama/labels/NAL_8_16.tif,37.5107
US-Alabama,NAL_90_47,FloodPlanet/US-Alabama/PS/NAL_90_47.tif,FloodPlanet/US-Alabama/labels/NAL_90_47.tif,64.6914
US-Alabama,NAL_92_47,FloodPlanet/US-Alabama/PS/NAL_92_47.tif,FloodPlanet/US-Alabama/labels/NAL_92_47.tif,43.873
US-Alabama,NAL_94_21,FloodPlanet/US-Alabama/PS/NAL_94_21.tif,FloodPlanet/US-Alabama/labels/NAL_94_21.tif,35.4587
US-Arkansas,LIT_5_2,FloodPlanet/US-Arkansas/PS/LIT_5_2.tif,FloodPlanet/US-Arkansas/labels/LIT_5_2.tif,25.8565
US-Arkansas,LIT_5_3,FloodPlanet/US-Arkansas/PS/LIT_5_3.tif,FloodPlanet/US-Arkansas/labels/LIT_5_3.tif,29.7989
US-Arkansas,LIT_6_3,FloodPlanet/US-Arkansas/PS/LIT_6_3.tif,FloodPlanet/US-Arkansas/labels/LIT_6_3.tif,44.0624
US-Arkansas,LIT_6_5,FloodPlanet/US-Arkansas/PS/LIT_6_5.tif,FloodPlanet/US-Arkansas/labels/LIT_6_5.tif,9.8031
US-Carolina,FLO_10_16,FloodPlanet/US-Carolina/PS/FLO_10_16.tif,FloodPlanet/US-Carolina/labels/FLO_10_16.tif,17.7964
US-Carolina,FLO_12_21,FloodPlanet/US-Carolina/PS/FLO_12_21.tif,FloodPlanet/US-Carolina/labels/FLO_12_21.tif,18.9488
US-Carolina,FLO_13_20,FloodPlanet/US-Carolina/PS/FLO_13_20.tif,FloodPlanet/US-Carolina/labels/FLO_13_20.tif,39.6722
US-Carolina,FLO_15_26,FloodPlanet/US-Carolina/PS/FLO_15_26.tif,FloodPlanet/US-Carolina/labels/FLO_15_26.tif,56.2057
US-Carolina,FLO_30_60,FloodPlanet/US-Carolina/PS/FLO_30_60.tif,FloodPlanet/US-Carolina/labels/FLO_30_60.tif,17.3987
US-Carolina,FLO_33_58,FloodPlanet/US-Carolina/PS/FLO_33_58.tif,FloodPlanet/US-Carolina/labels/FLO_33_58.tif,31.4146
US-Carolina,FLO_40_23,FloodPlanet/US-Carolina/PS/FLO_40_23.tif,FloodPlanet/US-Carolina/labels/FLO_40_23.tif,67.1156
US-Carolina,FLO_48_43,FloodPlanet/US-Carolina/PS/FLO_48_43.tif,FloodPlanet/US-Carolina/labels/FLO_48_43.tif,25.2993
US-Carolina,FLO_53_31,FloodPlanet/US-Carolina/PS/FLO_53_31.tif,FloodPlanet/US-Carolina/labels/FLO_53_31.tif,62.338
US-Carolina,FLO_56_24,FloodPlanet/US-Carolina/PS/FLO_56_24.tif,FloodPlanet/US-Carolina/labels/FLO_56_24.tif,40.5613
US-Carolina,FLO_58_13,FloodPlanet/US-Carolina/PS/FLO_58_13.tif,FloodPlanet/US-Carolina/labels/FLO_58_13.tif,15.0831
US-Carolina,FLO_59_42,FloodPlanet/US-Carolina/PS/FLO_59_42.tif,FloodPlanet/US-Carolina/labels/FLO_59_42.tif,19.6287
US-Carolina,FLO_63_42,FloodPlanet/US-Carolina/PS/FLO_63_42.tif,FloodPlanet/US-Carolina/labels/FLO_63_42.tif,31.6363
US-Carolina,FLO_88_23,FloodPlanet/US-Carolina/PS/FLO_88_23.tif,FloodPlanet/US-Carolina/labels/FLO_88_23.tif,30.5226
US-Carolina,FLO_8_64,FloodPlanet/US-Carolina/PS/FLO_8_64.tif,FloodPlanet/US-Carolina/labels/FLO_8_64.tif,51.355
US-Dakota,RRN_100_44,FloodPlanet/US-Dakota/PS/RRN_100_44.tif,FloodPlanet/US-Dakota/labels/RRN_100_44.tif,70.4128
US-Dakota,RRN_101_35,FloodPlanet/US-Dakota/PS/RRN_101_35.tif,FloodPlanet/US-Dakota/labels/RRN_101_35.tif,26.2979
US-Dakota,RRN_105_32,FloodPlanet/US-Dakota/PS/RRN_105_32.tif,FloodPlanet/US-Dakota/labels/RRN_105_32.tif,30.899
US-Dakota,RRN_10_46,FloodPlanet/US-Dakota/PS/RRN_10_46.tif,FloodPlanet/US-Dakota/labels/RRN_10_46.tif,79.7819
US-Dakota,RRN_11_6,FloodPlanet/US-Dakota/PS/RRN_11_6.tif,FloodPlanet/US-Dakota/labels/RRN_11_6.tif,36.2203
US-Dakota,RRN_14_6,FloodPlanet/US-Dakota/PS/RRN_14_6.tif,FloodPlanet/US-Dakota/labels/RRN_14_6.tif,22.9706
US-Dakota,RRN_16_49,FloodPlanet/US-Dakota/PS/RRN_16_49.tif,FloodPlanet/US-Dakota/labels/RRN_16_49.tif,83.8176
US-Dakota,RRN_18_6,FloodPlanet/US-Dakota/PS/RRN_18_6.tif,FloodPlanet/US-Dakota/labels/RRN_18_6.tif,38.6079
US-Dakota,RRN_21_23,FloodPlanet/US-Dakota/PS/RRN_21_23.tif,FloodPlanet/US-Dakota/labels/RRN_21_23.tif,82.8511
US-Dakota,RRN_24_54,FloodPlanet/US-Dakota/PS/RRN_24_54.tif,FloodPlanet/US-Dakota/labels/RRN_24_54.tif,36.6446
US-Dakota,RRN_33_21,FloodPlanet/US-Dakota/PS/RRN_33_21.tif,FloodPlanet/US-Dakota/labels/RRN_33_21.tif,95.2468
US-Dakota,RRN_34_29,FloodPlanet/US-Dakota/PS/RRN_34_29.tif,FloodPlanet/US-Dakota/labels/RRN_34_29.tif,83.1833
US-Dakota,RRN_34_52,FloodPlanet/US-Dakota/PS/RRN_34_52.tif,FloodPlanet/US-Dakota/labels/RRN_34_52.tif,31.4283
US-Dakota,RRN_98_49,FloodPlanet/US-Dakota/PS/RRN_98_49.tif,FloodPlanet/US-Dakota/labels/RRN_98_49.tif,81.29
US-Kansas,USA_11_58,FloodPlanet/US-Kansas/PS/USA_11_58.tif,FloodPlanet/US-Kansas/labels/USA_11_58.tif,90.1095
US-Kansas,USA_12_52,FloodPlanet/US-Kansas/PS/USA_12_52.tif,FloodPlanet/US-Kansas/labels/USA_12_52.tif,94.1099
US-Kansas,USA_19_27,FloodPlanet/US-Kansas/PS/USA_19_27.tif,FloodPlanet/US-Kansas/labels/USA_19_27.tif,90.3648
US-Kansas,USA_19_43,FloodPlanet/US-Kansas/PS/USA_19_43.tif,FloodPlanet/US-Kansas/labels/USA_19_43.tif,52.7999
US-Kansas,USA_21_57,FloodPlanet/US-Kansas/PS/USA_21_57.tif,FloodPlanet/US-Kansas/labels/USA_21_57.tif,85.5818
US-Kansas,USA_22_20,FloodPlanet/US-Kansas/PS/USA_22_20.tif,FloodPlanet/US-Kansas/labels/USA_22_20.tif,93.4541
US-Kansas,USA_22_25,FloodPlanet/US-Kansas/PS/USA_22_25.tif,FloodPlanet/US-Kansas/labels/USA_22_25.tif,79.9608
US-Kansas,USA_23_14,FloodPlanet/US-Kansas/PS/USA_23_14.tif,FloodPlanet/US-Kansas/labels/USA_23_14.tif,94.8081
US-Kansas,USA_26_4,FloodPlanet/US-Kansas/PS/USA_26_4.tif,FloodPlanet/US-Kansas/labels/USA_26_4.tif,95.1655
US-Kansas,USA_27_14,FloodPlanet/US-Kansas/PS/USA_27_14.tif,FloodPlanet/US-Kansas/labels/USA_27_14.tif,89.1659
US-Kansas,USA_29_18,FloodPlanet/US-Kansas/PS/USA_29_18.tif,FloodPlanet/US-Kansas/labels/USA_29_18.tif,85.8927
US-Kansas,USA_29_9,FloodPlanet/US-Kansas/PS/USA_29_9.tif,FloodPlanet/US-Kansas/labels/USA_29_9.tif,94.2165
US-Kansas,USA_31_6,FloodPlanet/US-Kansas/PS/USA_31_6.tif,FloodPlanet/US-Kansas/labels/USA_31_6.tif,87.937
US-Kansas,USA_32_30,FloodPlanet/US-Kansas/PS/USA_32_30.tif,FloodPlanet/US-Kansas/labels/USA_32_30.tif,89.4922
US-Kansas,USA_33_26,FloodPlanet/US-Kansas/PS/USA_33_26.tif,FloodPlanet/US-Kansas/labels/USA_33_26.tif,60.6544
US-Kansas,USA_35_22,FloodPlanet/US-Kansas/PS/USA_35_22.tif,FloodPlanet/US-Kansas/labels/USA_35_22.tif,62.9583
US-Kansas,USA_35_8,FloodPlanet/US-Kansas/PS/USA_35_8.tif,FloodPlanet/US-Kansas/labels/USA_35_8.tif,84.9101
US-Kansas,USA_36_48,FloodPlanet/US-Kansas/PS/USA_36_48.tif,FloodPlanet/US-Kansas/labels/USA_36_48.tif,79.1566
US-Kansas,USA_39_25,FloodPlanet/US-Kansas/PS/USA_39_25.tif,FloodPlanet/US-Kansas/labels/USA_39_25.tif,31.0853
US-Kansas,USA_40_38,FloodPlanet/US-Kansas/PS/USA_40_38.tif,FloodPlanet/US-Kansas/labels/USA_40_38.tif,0.3621
US-Nebraska,NEB_13_13,FloodPlanet/US-Nebraska/PS/NEB_13_13.tif,FloodPlanet/US-Nebraska/labels/NEB_13_13.tif,61.5354
US-Nebraska,NEB_18_47,FloodPlanet/US-Nebraska/PS/NEB_18_47.tif,FloodPlanet/US-Nebraska/labels/NEB_18_47.tif,23.0566
US-Nebraska,NEB_22_7,FloodPlanet/US-Nebraska/PS/NEB_22_7.tif,FloodPlanet/US-Nebraska/labels/NEB_22_7.tif,80.4479
US-Nebraska,NEB_33_48,FloodPlanet/US-Nebraska/PS/NEB_33_48.tif,FloodPlanet/US-Nebraska/labels/NEB_33_48.tif,70.175
US-Nebraska,NEB_41_34,FloodPlanet/US-Nebraska/PS/NEB_41_34.tif,FloodPlanet/US-Nebraska/labels/NEB_41_34.tif,81.2236
US-Nebraska,NEB_43_9,FloodPlanet/US-Nebraska/PS/NEB_43_9.tif,FloodPlanet/US-Nebraska/labels/NEB_43_9.tif,74.0314
US-Nebraska,NEB_45_53,FloodPlanet/US-Nebraska/PS/NEB_45_53.tif,FloodPlanet/US-Nebraska/labels/NEB_45_53.tif,45.1481
US-Nebraska,NEB_47_10,FloodPlanet/US-Nebraska/PS/NEB_47_10.tif,FloodPlanet/US-Nebraska/labels/NEB_47_10.tif,54.9531
US-Nebraska,NEB_56_17,FloodPlanet/US-Nebraska/PS/NEB_56_17.tif,FloodPlanet/US-Nebraska/labels/NEB_56_17.tif,36.0454
US-Nebraska,NEB_57_20,FloodPlanet/US-Nebraska/PS/NEB_57_20.tif,FloodPlanet/US-Nebraska/labels/NEB_57_20.tif,78.9576
US-Nebraska,NEB_58_17,FloodPlanet/US-Nebraska/PS/NEB_58_17.tif,FloodPlanet/US-Nebraska/labels/NEB_58_17.tif,48.0948
US-Nebraska,NEB_58_5,FloodPlanet/US-Nebraska/PS/NEB_58_5.tif,FloodPlanet/US-Nebraska/labels/NEB_58_5.tif,53.1842
US-Nebraska,NEB_61_20,FloodPlanet/US-Nebraska/PS/NEB_61_20.tif,FloodPlanet/US-Nebraska/labels/NEB_61_20.tif,70.5198
US-Nebraska,NEB_66_27,FloodPlanet/US-Nebraska/PS/NEB_66_27.tif,FloodPlanet/US-Nebraska/labels/NEB_66_27.tif,69.4746
US-Nebraska,NEB_79_46,FloodPlanet/US-Nebraska/PS/NEB_79_46.tif,FloodPlanet/US-Nebraska/labels/NEB_79_46.tif,69.289
US-Nebraska,NEB_80_48,FloodPlanet/US-Nebraska/PS/NEB_80_48.tif,FloodPlanet/US-Nebraska/labels/NEB_80_48.tif,68.3184
US-Oklahoma,TUL_3_11,FloodPlanet/US-Oklahoma/PS/TUL_3_11.tif,FloodPlanet/US-Oklahoma/labels/TUL_3_11.tif,50.8617
US-Oklahoma,TUL_4_10,FloodPlanet/US-Oklahoma/PS/TUL_4_10.tif,FloodPlanet/US-Oklahoma/labels/TUL_4_10.tif,50.7746
US-Oklahoma,TUL_4_12,FloodPlanet/US-Oklahoma/PS/TUL_4_12.tif,FloodPlanet/US-Oklahoma/labels/TUL_4_12.tif,35.4778
US-Oklahoma,TUL_4_14,FloodPlanet/US-Oklahoma/PS/TUL_4_14.tif,FloodPlanet/US-Oklahoma/labels/TUL_4_14.tif,70.2444
US-Oklahoma,TUL_5_11,FloodPlanet/US-Oklahoma/PS/TUL_5_11.tif,FloodPlanet/US-Oklahoma/labels/TUL_5_11.tif,54.8642
US-Oklahoma,TUL_5_13,FloodPlanet/US-Oklahoma/PS/TUL_5_13.tif,FloodPlanet/US-Oklahoma/labels/TUL_5_13.tif,49.1479
US-Oklahoma,TUL_6_12,FloodPlanet/US-Oklahoma/PS/TUL_6_12.tif,FloodPlanet/US-Oklahoma/labels/TUL_6_12.tif,78.5595
US-Oklahoma,TUL_6_5,FloodPlanet/US-Oklahoma/PS/TUL_6_5.tif,FloodPlanet/US-Oklahoma/labels/TUL_6_5.tif,56.8803
US-Oklahoma,TUL_7_10,FloodPlanet/US-Oklahoma/PS/TUL_7_10.tif,FloodPlanet/US-Oklahoma/labels/TUL_7_10.tif,61.4703
US-Oklahoma,TUL_8_11,FloodPlanet/US-Oklahoma/PS/TUL_8_11.tif,FloodPlanet/US-Oklahoma/labels/TUL_8_11.tif,8.2487
US-Oklahoma,TUL_8_5,FloodPlanet/US-Oklahoma/PS/TUL_8_5.tif,FloodPlanet/US-Oklahoma/labels/TUL_8_5.tif,71.9382
US-Texas,HRV_10_19,FloodPlanet/US-Texas/PS/HRV_10_19.tif,FloodPlanet/US-Texas/labels/HRV_10_19.tif,63.4786
US-Texas,HRV_10_5,FloodPlanet/US-Texas/PS/HRV_10_5.tif,FloodPlanet/US-Texas/labels/HRV_10_5.tif,9.644
US-Texas,HRV_12_20,FloodPlanet/US-Texas/PS/HRV_12_20.tif,FloodPlanet/US-Texas/labels/HRV_12_20.tif,30.1592
US-Texas,HRV_12_4,FloodPlanet/US-Texas/PS/HRV_12_4.tif,FloodPlanet/US-Texas/labels/HRV_12_4.tif,12.3001
US-Texas,HRV_13_19,FloodPlanet/US-Texas/PS/HRV_13_19.tif,FloodPlanet/US-Texas/labels/HRV_13_19.tif,14.7743
US-Texas,HRV_14_3,FloodPlanet/US-Texas/PS/HRV_14_3.tif,FloodPlanet/US-Texas/labels/HRV_14_3.tif,9.3619
US-Texas,HRV_17_3,FloodPlanet/US-Texas/PS/HRV_17_3.tif,FloodPlanet/US-Texas/labels/HRV_17_3.tif,18.1652
US-Texas,HRV_8_11,FloodPlanet/US-Texas/PS/HRV_8_11.tif,FloodPlanet/US-Texas/labels/HRV_8_11.tif,70.9309
US-Texas,HRV_9_20,FloodPlanet/US-Texas/PS/HRV_9_20.tif,FloodPlanet/US-Texas/labels/HRV_9_20.tif,78.6556
Uzbekistan,UZB_11_5,FloodPlanet/Uzbekistan/PS/UZB_11_5.tif,FloodPlanet/Uzbekistan/labels/UZB_11_5.tif,1.5359
Uzbekistan,UZB_14_14,FloodPlanet/Uzbekistan/PS/UZB_14_14.tif,FloodPlanet/Uzbekistan/labels/UZB_14_14.tif,69.4648
Uzbekistan,UZB_14_7,FloodPlanet/Uzbekistan/PS/UZB_14_7.tif,FloodPlanet/Uzbekistan/labels/UZB_14_7.tif,41.6022
Uzbekistan,UZB_15_15,FloodPlanet/Uzbekistan/PS/UZB_15_15.tif,FloodPlanet/Uzbekistan/labels/UZB_15_15.tif,62.7085
Uzbekistan,UZB_15_9,FloodPlanet/Uzbekistan/PS/UZB_15_9.tif,FloodPlanet/Uzbekistan/labels/UZB_15_9.tif,84.2936
Uzbekistan,UZB_16_6,FloodPlanet/Uzbekistan/PS/UZB_16_6.tif,FloodPlanet/Uzbekistan/labels/UZB_16_6.tif,19.7593
Uzbekistan,UZB_17_7,FloodPlanet/Uzbekistan/PS/UZB_17_7.tif,FloodPlanet/Uzbekistan/labels/UZB_17_7.tif,56.9902
Uzbekistan,UZB_17_9,FloodPlanet/Uzbekistan/PS/UZB_17_9.tif,FloodPlanet/Uzbekistan/labels/UZB_17_9.tif,93.4364
Uzbekistan,UZB_18_8,FloodPlanet/Uzbekistan/PS/UZB_18_8.tif,FloodPlanet/Uzbekistan/labels/UZB_18_8.tif,84.6687
Uzbekistan,UZB_19_9,FloodPlanet/Uzbekistan/PS/UZB_19_9.tif,FloodPlanet/Uzbekistan/labels/UZB_19_9.tif,61.4958
Uzbekistan,UZB_21_5,FloodPlanet/Uzbekistan/PS/UZB_21_5.tif,FloodPlanet/Uzbekistan/labels/UZB_21_5.tif,30.3345
Uzbekistan,UZB_22_12,FloodPlanet/Uzbekistan/PS/UZB_22_12.tif,FloodPlanet/Uzbekistan/labels/UZB_22_12.tif,45.513
